Unnamed: 0.1,Unnamed: 0,Category,Image_Info,Image_Path
0,0,"Hidden Information,Interface Interference","[{'from': 'human', 'value': '<image>\nDoes the following image have a deceptive pattern?'}, {'from': 'gpt', 'value': '“Unsubscribe here” is grayed out in front of a gray background, making it harder to see.'}]",/content/downloaded_dark_pattern_images/0.jpg
1,1,"Aesthetic Manipulation, Bait and Switch, Disguised Ad,Interface Interference","[{'from': 'human', 'value': '<image>\nDoes the following image have a deceptive pattern?'}, {'from': 'gpt', 'value': 'Clicking the “X” to close the ad clicks the “download from the Google Play Store” button, which was not the user’s intention.'}]",/content/downloaded_dark_pattern_images/1.jpg
2,2,"Bait and Switch, Forced Continuity,Sneaking","[{'from': 'human', 'value': '<image>\nDoes the following image have a deceptive pattern?'}, {'from': 'gpt', 'value': 'The typical case of forced continuity: free for one month then lapses into paid service. Also, (unsure if this is a dark pattern) the entire image shown here is the button to be clicked, not just the orange CTA button.'}]",/content/downloaded_dark_pattern_images/2.jpg
3,3,"Hidden Costs,Fine Print,Hidden Information,Interface Interference,Preselection,Sneaking","[{'from': 'human', 'value': '<image>\nDoes the following image have a deceptive pattern?'}, {'from': 'gpt', 'value': 'The radio button for a free first next directory is already checked, but if the user doesn’t read the fine print they will unknowingly consent to a credit check and having a credit account opened, which sends brochures 4x a year at a cost of £3.75 each, which are normally free from most businesses'}]",/content/downloaded_dark_pattern_images/3.jpg
4,4,"Interface Interference,Preselection","[{'from': 'human', 'value': '<image>\nDoes the following image have a deceptive pattern?'}, {'from': 'gpt', 'value': 'Unless the user reads the fine print, they may unwillingly sign up for email notifications and more'}]",/content/downloaded_dark_pattern_images/4.jpg
5,5,"Trick Questions,Interface Interference,Sneaking","[{'from': 'human', 'value': '<image>\nDoes the following image have a deceptive pattern?'}, {'from': 'gpt', 'value': 'Dropdown list is written so that typing “1” enters in “10”, not “1”.'}]",/content/downloaded_dark_pattern_images/5.jpg
6,6,"Hidden Costs,Sneaking","[{'from': 'human', 'value': '<image>\nDoes the following image have a deceptive pattern?'}, {'from': 'gpt', 'value': 'The room is advertised as an $86.43 room. This entices users into using the site to purchase a hotel; however, the final price after taxes and fees of $132.34 (higher than the hotel cost) is $218.77! The site should not advertise for $86 if the total is 250% of that!'}]",/content/downloaded_dark_pattern_images/6.jpg
7,7,"Hidden Costs,Hidden Information,Interface Interference,Preselection,Sneaking","[{'from': 'human', 'value': '<image>\nDoes the following image have a deceptive pattern?'}, {'from': 'gpt', 'value': 'When a user creates an account on Boston Globe, the email subscription checkboxes are already checked, and the “Price Today” is not the price paid in the future. To find the future price, the user must go to the FAQ section of the website'}]",/content/downloaded_dark_pattern_images/7.jpg
8,8,"Hidden Costs,Hidden Information,Interface Interference,Sneaking","[{'from': 'human', 'value': '<image>\nDoes the following image have a deceptive pattern?'}, {'from': 'gpt', 'value': 'On any page, there is a non-removable banner that claims the user can subscribe for only 99 cents per week, but if you follow the process to subscribe, the user finds out that this price only lasts for 4 weeks'}]",/content/downloaded_dark_pattern_images/8.jpg
9,9,"Aesthetic Manipulation, Bait and Switch,False Hierarchy,Interface Interference,Sneaking","[{'from': 'human', 'value': '<image>\nDoes the following image have a deceptive pattern?'}, {'from': 'gpt', 'value': 'Large popup ad with tiny “x” button, so the user is more likely to accidentally touch the ad'}]",/content/downloaded_dark_pattern_images/9.jpg
10,10,"Aesthetic Manipulation,Hidden Information,Interface Interference,Sneaking","[{'from': 'human', 'value': '<image>\nDoes the following image have a deceptive pattern?'}, {'from': 'gpt', 'value': 'United distracts the user with two large “No additional charge” boxes, but includes possible baggage fees in small print.'}]",/content/downloaded_dark_pattern_images/10.jpg
11,11,Nagging,"[{'from': 'human', 'value': '<image>\nDoes the following image have a deceptive pattern?'}, {'from': 'gpt', 'value': 'Repeatedly asks user for permission to use location data, only allowing “don’t show me again” to be selected if permission is given, pestering the user until they give permission.'}]",/content/downloaded_dark_pattern_images/11.jpg
12,12,"Aesthetic Manipulation,False Hierarchy,Interface Interference,Toying with Emotion","[{'from': 'human', 'value': '<image>\nDoes the following image have a deceptive pattern?'}, {'from': 'gpt', 'value': 'The site prompts the user to sign up for their newsletter. The option for choosing “no” is smaller and uses a demeaning phrase to make the user feel bad about their choice.'}]",/content/downloaded_dark_pattern_images/12.jpg
13,13,"Aesthetic Manipulation,Interface Interference,Sneaking","[{'from': 'human', 'value': '<image>\nDoes the following image have a deceptive pattern?'}, {'from': 'gpt', 'value': 'When prompted for updating the user’s OS to Windows 10, the X button (normally to close the window) resulted in proceeding with the update.'}]",/content/downloaded_dark_pattern_images/13.jpg
14,14,"Trick Questions,Hidden Information,Interface Interference,Obstruction,Preselection","[{'from': 'human', 'value': '<image>\nDoes the following image have a deceptive pattern?'}, {'from': 'gpt', 'value': 'iOS 6 hides the option to disable ad tracking in an irrelevant location and uses trick wording (double negative) to confuse the user'}]",/content/downloaded_dark_pattern_images/14.jpg
15,15,"Disguised Ad,Interface Interference","[{'from': 'human', 'value': '<image>\nDoes the following image have a deceptive pattern?'}, {'from': 'gpt', 'value': 'Ads periodically appear at the bottom of the screen if the user has not paid for the ad-free version. The placement of the ad when it appears is where the “refresh” and “sidebar” buttons are usually located, so the user may accidentally touch the ad out of habit.'}]",/content/downloaded_dark_pattern_images/15.jpg
16,16,"Roach Motel,Hidden Information,Interface Interference,Obstruction","[{'from': 'human', 'value': '<image>\nDoes the following image have a deceptive pattern?'}, {'from': 'gpt', 'value': 'The user must go to the FAQ to find out how to cancel an account, which requires calling the Boston Globe by phone.'}]",/content/downloaded_dark_pattern_images/16.jpg
17,17,Forced Action,"[{'from': 'human', 'value': '<image>\nDoes the following image have a deceptive pattern?'}, {'from': 'gpt', 'value': 'Users are required to subscribe to the newsletter to create an account'}]",/content/downloaded_dark_pattern_images/17.jpg
18,18,"Forced Continuity, Price Comparison Prevention,Hidden Information,Interface Interference,Obstruction,Sneaking","[{'from': 'human', 'value': '<image>\nDoes the following image have a deceptive pattern?'}, {'from': 'gpt', 'value': 'The user must apply for a free account to browse jobs, but still must buy a premium account to apply for the job. Text highlighting is disabled through javascript, so the job cannot be searched for easily elsewhere, where it is free to apply for. In addition, the one-month membership option continues payment when it expires, which is stated in small fine print.'}]",/content/downloaded_dark_pattern_images/18.jpg
19,19,"Bait and Switch, Roach Motel,Interface Interference,Obstruction,Sneaking","[{'from': 'human', 'value': '<image>\nDoes the following image have a deceptive pattern?'}, {'from': 'gpt', 'value': 'The instructions for the user to unsubscribe are very unclear because there is only a “back” and a “cancel” button available. How is a user able to proceed with unsubscribing?'}]",/content/downloaded_dark_pattern_images/19.jpg
20,20,"Bait and Switch, Roach Motel,Interface Interference,Obstruction,Sneaking,Toying with Emotion","[{'from': 'human', 'value': '<image>\nDoes the following image have a deceptive pattern?'}, {'from': 'gpt', 'value': 'Attempts every trick in the book to keep user from unsubscribing, from manipulinks to offering a discount if they stay. End result is a 100-click unsubscribe process.'}]",/content/downloaded_dark_pattern_images/20.jpg
21,21,"Roach Motel,Obstruction","[{'from': 'human', 'value': '<image>\nDoes the following image have a deceptive pattern?'}, {'from': 'gpt', 'value': 'Once the user selects “annual” from an initial drop down box, the drop down box disappears and the user’s choice is solidified and cannot be changed unless the user goes back.'}]",/content/downloaded_dark_pattern_images/21.jpg
22,22,"Aesthetic Manipulation,False Hierarchy,Interface Interference,Obstruction","[{'from': 'human', 'value': '<image>\nDoes the following image have a deceptive pattern?'}, {'from': 'gpt', 'value': 'Unsubscribe link is buried in a mass of fine print and is difficult to find.'}]",/content/downloaded_dark_pattern_images/22.jpg
23,23,"Aesthetic Manipulation, Trick Questions,Interface Interference,Obstruction","[{'from': 'human', 'value': '<image>\nDoes the following image have a deceptive pattern?'}, {'from': 'gpt', 'value': 'The Washington Post has a confusing checkbox when unsubscribing that makes it unclear whether or not the user is unsubscribing from a service.'}]",/content/downloaded_dark_pattern_images/23.jpg
24,24,Obstruction,"[{'from': 'human', 'value': '<image>\nDoes the following image have a deceptive pattern?'}, {'from': 'gpt', 'value': 'When users say “no” to multiple people in a row, they are more likely to say “no” when they mean to say “yes”. Tinder takes advantage of this by making the user pay to undo their mistake.'}]",/content/downloaded_dark_pattern_images/24.jpg
25,25,"Roach Motel,Hidden Information,Interface Interference,Obstruction","[{'from': 'human', 'value': '<image>\nDoes the following image have a deceptive pattern?'}, {'from': 'gpt', 'value': 'Stamps.com makes it difficult to close an account on their site by requiring the user to call a phone number during business hours to do so. They also hide this information on their site in the frequently asked questions section to make it difficult to find out how to cancel the service.'}]",/content/downloaded_dark_pattern_images/25.jpg
26,26,Forced Action,"[{'from': 'human', 'value': '<image>\nDoes the following image have a deceptive pattern?'}, {'from': 'gpt', 'value': 'The website asks the user to either wait 20 seconds or click a Google+ “+1” button to prove that they are human. Most users will not want to wait 20 seconds to access the site, so they may click the “+1” for a reason they would normally not.'}]",/content/downloaded_dark_pattern_images/26.jpg
27,27,"Hidden Information,Interface Interference","[{'from': 'human', 'value': '<image>\nDoes the following image have a deceptive pattern?'}, {'from': 'gpt', 'value': 'This online gambling site offers users generous ‘bonuses’ which are essentially free money for the express use of gambling on the site. What is not made clear, however, is that the bonus money and any winnings won therewith cannot be withdrawn until a certain number of bets have been made on specific areas of the site.'}]",/content/downloaded_dark_pattern_images/27.jpg
28,28,"Aesthetic Manipulation, Trick Questions,False Hierarchy,Interface Interference,Obstruction","[{'from': 'human', 'value': '<image>\nDoes the following image have a deceptive pattern?'}, {'from': 'gpt', 'value': 'Yahoo uses confusing options when trying to unsubscribe from their newsletter. The design encourages users to click “no, cancel” because they want to cancel their subscription, but to actually cancel, the user must select one of the small, light grey text options below the big blue button.'}]",/content/downloaded_dark_pattern_images/28.jpg
29,29,Nagging,"[{'from': 'human', 'value': '<image>\nDoes the following image have a deceptive pattern?'}, {'from': 'gpt', 'value': 'The user is pressured to turn on notifications, and there is only the option for “not now” and “ok”. If the user does not want to turn on notifications, there is not option for that, and the app will continue to bother them about it.'}]",/content/downloaded_dark_pattern_images/29.jpg
30,30,"Interface Interference,Preselection,Sneaking","[{'from': 'human', 'value': '<image>\nDoes the following image have a deceptive pattern?'}, {'from': 'gpt', 'value': 'LinkedIn manipulates the user into sending an invitation to all their contacts by making the scroll bar at the side small and hard to notice.'}]",/content/downloaded_dark_pattern_images/30.jpg
31,31,"Aesthetic Manipulation,Interface Interference,Nagging,Obstruction","[{'from': 'human', 'value': '<image>\nDoes the following image have a deceptive pattern?'}, {'from': 'gpt', 'value': 'When a driver tries to stop for the day, the Uber app prompts them to continue in order to achieve an arbitrary “goal” for the day. It even goes so far as to highlight the “keep driving” option to make selecting it easier. This takes advantage of a person’s natural desire to “income target”, or set a income goal for the day.'}]",/content/downloaded_dark_pattern_images/31.jpg
32,32,"Aesthetic Manipulation,Interface Interference,Toying with Emotion","[{'from': 'human', 'value': '<image>\nDoes the following image have a deceptive pattern?'}, {'from': 'gpt', 'value': 'Instead of the usual blank stories section, Facebook includes “ghost stories” of your friends that haven’t posted a story in a while when there are no stories available. When the user clicks on it it tells the user that your friend hasn’t posted to their story in a while.'}]",/content/downloaded_dark_pattern_images/32.jpg
33,33,"Aesthetic Manipulation, Disguised Ad,Gamification,Interface Interference","[{'from': 'human', 'value': '<image>\nDoes the following image have a deceptive pattern?'}, {'from': 'gpt', 'value': 'This ad appears to the user as a game, and it uses flash to make it interactive. When the user moves their cursor around the ad, the target moves with it. When the user clicks to “stomp” the spider, the user is taken to a different site.'}]",/content/downloaded_dark_pattern_images/33.jpg
34,34,"Interface Interference,Preselection","[{'from': 'human', 'value': '<image>\nDoes the following image have a deceptive pattern?'}, {'from': 'gpt', 'value': 'The radio button for express (which includes a free trial) is already selected, but the option for custom input with no free trial is grey, but still clickable. The options also include tags like (recommended) or (advanced). So using their service, which the user will eventually have to pay for, is recommended, while not, is “advanced”.'}]",/content/downloaded_dark_pattern_images/34.jpg
35,35,"Aesthetic Manipulation, Trick Questions,Interface Interference,Sneaking","[{'from': 'human', 'value': '<image>\nDoes the following image have a deceptive pattern?'}, {'from': 'gpt', 'value': 'Some check boxes are opt-in while others are opt-out, thus tricking users that skim the fine print.'}]",/content/downloaded_dark_pattern_images/35.jpg
36,36,"Aesthetic Manipulation,Interface Interference,Obstruction","[{'from': 'human', 'value': '<image>\nDoes the following image have a deceptive pattern?'}, {'from': 'gpt', 'value': 'The “Unsubscribe here” link is hidden as white text on a white background.'}]",/content/downloaded_dark_pattern_images/36.jpg
37,37,"Aesthetic Manipulation,False Hierarchy,Interface Interference,Sneaking","[{'from': 'human', 'value': '<image>\nDoes the following image have a deceptive pattern?'}, {'from': 'gpt', 'value': 'To start each game, users must select a green button. When the app prompts the user to buy more moves, the button is also green and in almost the same location as the button to start a game. As users develop muscle memory in response to constantly restarting the game, they may accidentally click on the option to buy more moves when they run out.'}]",/content/downloaded_dark_pattern_images/37.jpg
38,38,"Aesthetic Manipulation, Trick Questions,Interface Interference","[{'from': 'human', 'value': '<image>\nDoes the following image have a deceptive pattern?'}, {'from': 'gpt', 'value': 'Trick question using a double negative might maker the user share information they didn’t want to'}]",/content/downloaded_dark_pattern_images/38.jpg
39,39,"Roach Motel,Interface Interference","[{'from': 'human', 'value': '<image>\nDoes the following image have a deceptive pattern?'}, {'from': 'gpt', 'value': 'User has to select “cancel” four times to cancel'}]",/content/downloaded_dark_pattern_images/39.jpg
40,40,"Forced Action,Interface Interference,Preselection","[{'from': 'human', 'value': '<image>\nDoes the following image have a deceptive pattern?'}, {'from': 'gpt', 'value': 'Opting in to marketing emails is in the terms and conditions, the user doesn’t have a choice'}]",/content/downloaded_dark_pattern_images/40.jpg
41,41,"Aesthetic Manipulation,Interface Interference,Toying with Emotion","[{'from': 'human', 'value': '<image>\nDoes the following image have a deceptive pattern?'}, {'from': 'gpt', 'value': 'The site prominently displays a ticking counter of visitors’ winnings since 1995, but viewing the site through a foreign proxy reveals that the number isn’t exchange-rate accurate, just arbitrarily set somewhere in the 33,000,000.00+ range, regardless of currency or region. This works in Dollars, Euros, Pounds, and Kroner.'}]",/content/downloaded_dark_pattern_images/41.jpg
42,42,"Interface Interference,Toying with Emotion","[{'from': 'human', 'value': '<image>\nDoes the following image have a deceptive pattern?'}, {'from': 'gpt', 'value': 'Instead of letting users simply deactivate their account, Facebook shows users some of their friends that “would miss them” and also tries to convince the user to stay offering a counter-argument to whatever reason they select.'}]",/content/downloaded_dark_pattern_images/42.jpg
43,43,"Aesthetic Manipulation,Interface Interference,Toying with Emotion","[{'from': 'human', 'value': '<image>\nDoes the following image have a deceptive pattern?'}, {'from': 'gpt', 'value': 'The site uses shaming to convince users that they would be better off using their service. The site tries to make the user feel bad for choosing an option the site deems “bad”. What if the user already uses the service? They would still have to click the shameful response.'}]",/content/downloaded_dark_pattern_images/43.jpg
44,44,"Fine Print,Interface Interference,Preselection,Sneaking","[{'from': 'human', 'value': '<image>\nDoes the following image have a deceptive pattern?'}, {'from': 'gpt', 'value': 'Salesforce requires users to consent to a privacy statement before they can successfully unsubscribe from their newsletter. The privacy statement gives consent to sell the user’s information to other countries.'}]",/content/downloaded_dark_pattern_images/44.jpg
45,45,"Interface Interference,Obstruction","[{'from': 'human', 'value': '<image>\nDoes the following image have a deceptive pattern?'}, {'from': 'gpt', 'value': 'When giving anything other than a five-star rating, the user is given a compulsory prompt to message the developers which dissuades users from bothering to rate anything less than five stars, if they rate anything at all.'}]",/content/downloaded_dark_pattern_images/45.jpg
46,46,Nagging,"[{'from': 'human', 'value': '<image>\nDoes the following image have a deceptive pattern?'}, {'from': 'gpt', 'value': 'There is no option to select no, there are only options to “try now” or “later.”'}]",/content/downloaded_dark_pattern_images/46.jpg
47,47,"Trick Questions,Hidden Information,Interface Interference","[{'from': 'human', 'value': '<image>\nDoes the following image have a deceptive pattern?'}, {'from': 'gpt', 'value': 'How can a user unsubscribe from all mail? The page is very unclear and the user should be able to select multiple options.'}]",/content/downloaded_dark_pattern_images/47.jpg
48,48,"Forced Action,Hidden Information,Interface Interference,Sneaking","[{'from': 'human', 'value': '<image>\nDoes the following image have a deceptive pattern?'}, {'from': 'gpt', 'value': 'LinkedIn attempts to import your email’s address book. It then poses your email contacts as potential connections, causing you to send a spammy “John Doe invited you to join LinkedIn” email to them.'}]",/content/downloaded_dark_pattern_images/48.jpg
49,49,"Forced Action,Interface Interference,Nagging,Preselection","[{'from': 'human', 'value': '<image>\nDoes the following image have a deceptive pattern?'}, {'from': 'gpt', 'value': 'Spotify offers an opt-in private mode, but requires the user to re-up every 6 hours.'}]",/content/downloaded_dark_pattern_images/49.jpg
50,50,"Forced Action,Sneaking","[{'from': 'human', 'value': '<image>\nDoes the following image have a deceptive pattern?'}, {'from': 'gpt', 'value': 'TurboTax pretends to delete your past information when you don’t upgrade to premium.'}]",/content/downloaded_dark_pattern_images/50.jpg
51,51,"Forced Action,Gamification","[{'from': 'human', 'value': '<image>\nDoes the following image have a deceptive pattern?'}, {'from': 'gpt', 'value': 'The site tries to get users to use the site more by making the experience better for those with more popularity or experience. Possible dark pattern aimed towards casual users.'}]",/content/downloaded_dark_pattern_images/51.jpg
52,52,"Interface Interference,Preselection","[{'from': 'human', 'value': '<image>\nDoes the following image have a deceptive pattern?'}, {'from': 'gpt', 'value': 'When twitter updated their email notifications, they automatically opted all their users in to the service.'}]",/content/downloaded_dark_pattern_images/52.jpg
53,53,"Privacy Zuckering,Forced Action,Nagging,Sneaking","[{'from': 'human', 'value': '<image>\nDoes the following image have a deceptive pattern?'}, {'from': 'gpt', 'value': 'When the user tries to delete the app, Uber warns that while the app will delete all data on the phone, it will keep data in the cloud. This is vague, but concerning if the user values their online privacy. If the user doesn’t read the text or reads it quickly, they may not notice that their data will be kept in the cloud.'}]",/content/downloaded_dark_pattern_images/53.jpg
54,54,Forced Action,"[{'from': 'human', 'value': '<image>\nDoes the following image have a deceptive pattern?'}, {'from': 'gpt', 'value': 'When an update is available, the user is unable to shutdown or restart their operating system without updating.'}]",/content/downloaded_dark_pattern_images/54.jpg
55,55,"Forced Action,Interface Interference,Obstruction","[{'from': 'human', 'value': '<image>\nDoes the following image have a deceptive pattern?'}, {'from': 'gpt', 'value': 'The download site wupload tries to get users to buy “premium” download speeds, and also includes links to a “Make money” ad scheme.'}]",/content/downloaded_dark_pattern_images/55.jpg
56,56,"Aesthetic Manipulation,Interface Interference,Toying with Emotion","[{'from': 'human', 'value': '<image>\nDoes the following image have a deceptive pattern?'}, {'from': 'gpt', 'value': 'The site tries to get users to get a demo, but the alternate option appears to be disabled. It also only links to monster.com, which is a job finding site. So if users don’t want to use their service, they can find a job on monster.com instead.'}]",/content/downloaded_dark_pattern_images/56.jpg
57,57,"Interface Interference,Toying with Emotion","[{'from': 'human', 'value': '<image>\nDoes the following image have a deceptive pattern?'}, {'from': 'gpt', 'value': 'Tries to get the user to subscribe to their mailing list by making the user click on a shameful option if they do not wish to. What if the user already subscribes to this service?'}]",/content/downloaded_dark_pattern_images/57.jpg
58,58,"Interface Interference,Sneaking,Toying with Emotion","[{'from': 'human', 'value': '<image>\nDoes the following image have a deceptive pattern?'}, {'from': 'gpt', 'value': 'Trump Headquarters sent out this email with a biased “poll” shaming users into selecting the first option. If you select the first option, the link takes the user to a page asking for money. If you select the second option, it takes the user to a page asking if they stand with Trump.'}]",/content/downloaded_dark_pattern_images/58.jpg
59,59,"Interface Interference,Toying with Emotion","[{'from': 'human', 'value': '<image>\nDoes the following image have a deceptive pattern?'}, {'from': 'gpt', 'value': 'Tries to get the user to subscribe to their mailing list by making the user click on a shameful option if they do not wish to. What if the user already subscribes to this service?'}]",/content/downloaded_dark_pattern_images/59.jpg
60,60,"Aesthetic Manipulation,Hidden Information,Interface Interference,Toying with Emotion","[{'from': 'human', 'value': '<image>\nDoes the following image have a deceptive pattern?'}, {'from': 'gpt', 'value': 'Dribble shows a likely fake animation of tickets for concerts selling out quickly, to panic users into buying a ticket as soon as possible, while simultaneously warning them that “less than 1% of tickets left” and that some amount of users are currently viewing the event'}]",/content/downloaded_dark_pattern_images/60.jpg
61,61,"Aesthetic Manipulation,Hidden Information,Interface Interference","[{'from': 'human', 'value': '<image>\nDoes the following image have a deceptive pattern?'}, {'from': 'gpt', 'value': 'Unsubscribe link is the same font and color as the rest of the text, all of which is low-profile, low-contrast text to appear as unimportant on the bottom of the email.'}]",/content/downloaded_dark_pattern_images/61.jpg
62,62,"False Hierarchy,Interface Interference","[{'from': 'human', 'value': '<image>\nDoes the following image have a deceptive pattern?'}, {'from': 'gpt', 'value': 'The big green button does NOT, in fact, unsubscribe you from emails, the link for that is further down.'}]",/content/downloaded_dark_pattern_images/62.jpg
63,63,"Hidden Information,Interface Interference,Preselection","[{'from': 'human', 'value': '<image>\nDoes the following image have a deceptive pattern?'}, {'from': 'gpt', 'value': 'Java hides the option to suppress sponsor ads deep in their menu under the advanced section at the very bottom. It seems that they were trying to hide this feature so that users wouldn’t be able to find it easily and disable it.'}]",/content/downloaded_dark_pattern_images/63.jpg
64,64,Forced Action,"[{'from': 'human', 'value': '<image>\nDoes the following image have a deceptive pattern?'}, {'from': 'gpt', 'value': 'Twitter gives a “time out” to users that have been deemed “abusive” or “bullies”. The time out doesn’t disable their account, it only makes their posts able to be seen by their followers during the time limit. This ensures that if someone else is rude or offensive they cannot offend anyone that didn’t want to see their content.'}]",/content/downloaded_dark_pattern_images/64.jpg
65,65,"Aesthetic Manipulation, Bait and Switch, Hidden Costs,Hidden Information,Interface Interference,Sneaking","[{'from': 'human', 'value': '<image>\nDoes the following image have a deceptive pattern?'}, {'from': 'gpt', 'value': 'A large green button says “Start Free Trial”, but in smaller writing below it says every subsequent year is $10.99. The skip button is also small and at the bottom.'}]",/content/downloaded_dark_pattern_images/65.jpg
66,66,"Aesthetic Manipulation,Interface Interference","[{'from': 'human', 'value': '<image>\nDoes the following image have a deceptive pattern?'}, {'from': 'gpt', 'value': 'Unsubscribing from email list requires clicking an unlabeled button.'}]",/content/downloaded_dark_pattern_images/66.jpg
67,67,"Interface Interference,Toying with Emotion","[{'from': 'human', 'value': '<image>\nDoes the following image have a deceptive pattern?'}, {'from': 'gpt', 'value': 'The site attempts to evoke empathy in the user for the sad phone that doesn’t want them to leave. Some users may be susceptible to this emotional appeal while others may not be.'}]",/content/downloaded_dark_pattern_images/67.jpg
68,68,"Aesthetic Manipulation,False Hierarchy,Hidden Information,Interface Interference,Sneaking","[{'from': 'human', 'value': '<image>\nDoes the following image have a deceptive pattern?'}, {'from': 'gpt', 'value': 'When a user registers for an account, they are given an option to accept the terms and conditions at the top of a long list of small text. Hidden in the long list of text is a small checkbox to opt out of the bank selling the user’s information.'}]",/content/downloaded_dark_pattern_images/68.jpg
69,69,"Interface Interference,Nagging,Toying with Emotion","[{'from': 'human', 'value': '<image>\nDoes the following image have a deceptive pattern?'}, {'from': 'gpt', 'value': 'Tries to get the user to subscribe to their mailing list by making the user click on a shameful option if they do not wish to. What if the user already subscribes to this service?'}]",/content/downloaded_dark_pattern_images/69.jpg
70,70,"Interface Interference,Nagging,Toying with Emotion","[{'from': 'human', 'value': '<image>\nDoes the following image have a deceptive pattern?'}, {'from': 'gpt', 'value': 'Tries to get the user to subscribe to their mailing list by making the user click on a shameful option if they do not wish to. What if the user already subscribes to this service?'}]",/content/downloaded_dark_pattern_images/70.jpg
71,71,"Interface Interference,Nagging,Toying with Emotion","[{'from': 'human', 'value': '<image>\nDoes the following image have a deceptive pattern?'}, {'from': 'gpt', 'value': 'Popular Mechanics tries to get users to subscribe to their email list by making them click on a shameful response if they don’t want to. What is users are already subscribed?'}]",/content/downloaded_dark_pattern_images/71.jpg
72,72,"Interface Interference,Nagging,Toying with Emotion","[{'from': 'human', 'value': '<image>\nDoes the following image have a deceptive pattern?'}, {'from': 'gpt', 'value': 'The website prompts the user to have it proofread their document, and shames them if they select no'}]",/content/downloaded_dark_pattern_images/72.jpg
73,73,"Aesthetic Manipulation,False Hierarchy,Hidden Information,Interface Interference,Sneaking","[{'from': 'human', 'value': '<image>\nDoes the following image have a deceptive pattern?'}, {'from': 'gpt', 'value': 'Ryanair hides the opt-out for travel insurance inside a drop-down list of countries to choose insurance for. Because there is no explicit “Do not ensure me” option, customers may pay for travel insurance they would not have if given the option.'}]",/content/downloaded_dark_pattern_images/73.jpg
74,74,"Fine Print,Interface Interference,Preselection,Sneaking","[{'from': 'human', 'value': '<image>\nDoes the following image have a deceptive pattern?'}, {'from': 'gpt', 'value': 'Clicking the continue button automatically agrees to the terms and conditions, but the text that describes this is very small.'}]",/content/downloaded_dark_pattern_images/74.jpg
75,75,"Aesthetic Manipulation,Interface Interference,Sneaking","[{'from': 'human', 'value': '<image>\nDoes the following image have a deceptive pattern?'}, {'from': 'gpt', 'value': 'What seems to be the obvious “continue” button is in fact a re-subscribe button. Users may accidentally click this button and resubscribe to what they intended to unsubscribe from.'}]",/content/downloaded_dark_pattern_images/75.jpg
76,76,Interface Interference,"[{'from': 'human', 'value': '<image>\nDoes the following image have a deceptive pattern?'}, {'from': 'gpt', 'value': 'Yelp disguises ads to look similar to customer reviews, and puts them in the same area as reviews are posted.'}]",/content/downloaded_dark_pattern_images/76.jpg
77,77,Interface Interference,"[{'from': 'human', 'value': '<image>\nDoes the following image have a deceptive pattern?'}, {'from': 'gpt', 'value': 'Yahoo distracts users that are updating their security preferences with a huge ad.'}]",/content/downloaded_dark_pattern_images/77.jpg
78,78,Interface Interference,"[{'from': 'human', 'value': '<image>\nDoes the following image have a deceptive pattern?'}, {'from': 'gpt', 'value': 'Twitter wanted users to discover their new feature “discover”, so they put it in the location where notifications usually is, so that people would naturally click on the old spot due to muscle memory and discover the new feature.'}]",/content/downloaded_dark_pattern_images/78.jpg
79,79,"Aesthetic Manipulation,False Hierarchy,Interface Interference","[{'from': 'human', 'value': '<image>\nDoes the following image have a deceptive pattern?'}, {'from': 'gpt', 'value': 'Lootcrate highlights the “Keep my subscription” button when unsubscribing in an attempt to get users to click it instead of completing the unsubscribing process.'}]",/content/downloaded_dark_pattern_images/79.jpg
80,80,"Aesthetic Manipulation, Trick Questions,Interface Interference","[{'from': 'human', 'value': '<image>\nDoes the following image have a deceptive pattern?'}, {'from': 'gpt', 'value': 'The green button authorizes an additional donation, while the white back arrow actually continues without the donation'}]",/content/downloaded_dark_pattern_images/80.jpg
81,81,"Interface Interference,Preselection","[{'from': 'human', 'value': '<image>\nDoes the following image have a deceptive pattern?'}, {'from': 'gpt', 'value': 'The site opens this pop-up, ironically on an article about Dark Patterns. The big blue button allows the user to connect their twitter account, but the option the follow the site’s twitter is already checked.'}]",/content/downloaded_dark_pattern_images/81.jpg
82,82,"Hidden Information,Interface Interference,Sneaking","[{'from': 'human', 'value': '<image>\nDoes the following image have a deceptive pattern?'}, {'from': 'gpt', 'value': 'The user can unknowingly sign up for a membership to the site when they purchase something unless they read the fine print in the terms and conditions'}]",/content/downloaded_dark_pattern_images/82.jpg
83,83,"Interface Interference,Preselection","[{'from': 'human', 'value': '<image>\nDoes the following image have a deceptive pattern?'}, {'from': 'gpt', 'value': 'When setting up java, the preselected “recommended” option actually changed the user’s default search engine to yahoo, which the user might not want. It also changes your homepage to yahoo.com.'}]",/content/downloaded_dark_pattern_images/83.jpg
84,84,"Aesthetic Manipulation,Fine Print,Hidden Information,Interface Interference,Sneaking","[{'from': 'human', 'value': '<image>\nDoes the following image have a deceptive pattern?'}, {'from': 'gpt', 'value': 'Unsubscribe link is buried in a paragraph of small text, and leads to an unpictured landing page that requires the user to re-enter their Email address to unsubscribe instead of pausing the subscription for 30 days.'}]",/content/downloaded_dark_pattern_images/84.jpg
85,85,"Intermediate Currency,Obstruction","[{'from': 'human', 'value': '<image>\nDoes the following image have a deceptive pattern?'}, {'from': 'gpt', 'value': 'The game uses a purchasable in-game currency to blur users’ recognition of the value they’re transferring.\n“Research has shown that putting even one intermediate currency between the consumer and real money, such as a “game gem” (premium currency), makes the consumer much less adept at assessing the value of the transaction.” -Ramin Shokrizade'}]",/content/downloaded_dark_pattern_images/85.jpg
86,86,"Aesthetic Manipulation, Disguised Ad","[{'from': 'human', 'value': '<image>\nDoes the following image have a deceptive pattern?'}, {'from': 'gpt', 'value': 'The first four results of a google search for “flowers” are ads disguised as search results. They have a small green tag that identifies them as ads, but many users will not notice this and click on the ads anyways.'}]",/content/downloaded_dark_pattern_images/86.jpg
87,87,"Interface Interference,Toying with Emotion","[{'from': 'human', 'value': '<image>\nDoes the following image have a deceptive pattern?'}, {'from': 'gpt', 'value': 'This site shames the user into staying on the site by presenting the user with a sad, crying cartoon that wants the user to stay.'}]",/content/downloaded_dark_pattern_images/87.jpg
88,88,"Forced Action,Gamification,Social Pyramid","[{'from': 'human', 'value': '<image>\nDoes the following image have a deceptive pattern?'}, {'from': 'gpt', 'value': 'The game pressues users to invite friends, not because the game is fun, but because certain features/goals are useless/unaccessible without online friends also playing, in what the paper in this list calls a “Social Pyramid Scheme”.'}]",/content/downloaded_dark_pattern_images/88.jpg
89,89,"Aesthetic Manipulation,False Hierarchy","[{'from': 'human', 'value': '<image>\nDoes the following image have a deceptive pattern?'}, {'from': 'gpt', 'value': 'Very tiny close button makes the user assume they need to login to use the service'}]",/content/downloaded_dark_pattern_images/89.jpg
90,90,"Aesthetic Manipulation,Interface Interference","[{'from': 'human', 'value': '<image>\nDoes the following image have a deceptive pattern?'}, {'from': 'gpt', 'value': 'Sling makes it difficult to unsubscribe from their newsletter and makes the user go through 5 pages of “Are you sure?”s and dark patterns like misdirection of buttons.'}]",/content/downloaded_dark_pattern_images/90.jpg
91,91,Nagging,"[{'from': 'human', 'value': '<image>\nDoes the following image have a deceptive pattern?'}, {'from': 'gpt', 'value': 'OSX warns its user that disk space is almost full and that they should optimize their storage space. When the user chooses to optimize storage, it pushes the use of iCloud on the user.'}]",/content/downloaded_dark_pattern_images/91.jpg
92,92,Sneaking,"[{'from': 'human', 'value': '<image>\nDoes the following image have a deceptive pattern?'}, {'from': 'gpt', 'value': 'Amazon doesn’t actually show the real average in their star ratings on products, they use machine learning to calculate the ratings while taking into account certain factors.'}]",/content/downloaded_dark_pattern_images/92.jpg
93,93,Forced Action,"[{'from': 'human', 'value': '<image>\nDoes the following image have a deceptive pattern?'}, {'from': 'gpt', 'value': 'The user is forced to accept the use of cookies on the site or they cannot continue.'}]",/content/downloaded_dark_pattern_images/93.jpg
94,94,Toying with Emotion,"[{'from': 'human', 'value': '<image>\nDoes the following image have a deceptive pattern?'}, {'from': 'gpt', 'value': 'Esquire attempts to make users feel bad about their decision by making them click a button that says “I don’t read” instead of the usual “No, thanks” button'}]",/content/downloaded_dark_pattern_images/94.jpg
95,95,"Trick Questions,Interface Interference","[{'from': 'human', 'value': '<image>\nDoes the following image have a deceptive pattern?'}, {'from': 'gpt', 'value': 'The site has the user select confusing options for what they actually want to do. OK proceeds to cancel the order, and cancel returns to the order.'}]",/content/downloaded_dark_pattern_images/95.jpg
96,96,"Aesthetic Manipulation,False Hierarchy","[{'from': 'human', 'value': '<image>\nDoes the following image have a deceptive pattern?'}, {'from': 'gpt', 'value': 'Delta makes upgrading to first class or higher look like a mandatory option.'}]",/content/downloaded_dark_pattern_images/96.jpg
97,97,Obstruction,"[{'from': 'human', 'value': '<image>\nDoes the following image have a deceptive pattern?'}, {'from': 'gpt', 'value': 'Unlock limited content by submitting 10 documents or by paying'}]",/content/downloaded_dark_pattern_images/97.jpg
98,98,"Aesthetic Manipulation,False Hierarchy,Hidden Information,Interface Interference","[{'from': 'human', 'value': '<image>\nDoes the following image have a deceptive pattern?'}, {'from': 'gpt', 'value': 'The user’s eye is drawn to the large “Total Price” highlighted with a green background. This price; however, does not include the fees listed below in the non-highlighted section. This tricks the user into believing they are paying a lower price than they are.'}]",/content/downloaded_dark_pattern_images/98.jpg
99,99,"Aesthetic Manipulation,False Hierarchy,Hidden Information,Interface Interference","[{'from': 'human', 'value': '<image>\nDoes the following image have a deceptive pattern?'}, {'from': 'gpt', 'value': 'Uses the same color throughout the page, allowing content to be missed by the user'}]",/content/downloaded_dark_pattern_images/99.jpg
100,100,"Interface Interference,Preselection","[{'from': 'human', 'value': '<image>\nDoes the following image have a deceptive pattern?'}, {'from': 'gpt', 'value': 'Defaults to subcription instead of one-time purchase'}]",/content/downloaded_dark_pattern_images/100.jpg
101,101,"Aesthetic Manipulation,Interface Interference","[{'from': 'human', 'value': '<image>\nDoes the following image have a deceptive pattern?'}, {'from': 'gpt', 'value': 'This is an ad designed to look like a download button for the software that site visitors are trying to access.'}]",/content/downloaded_dark_pattern_images/101.jpg
102,102,"Sneak into Basket,Sneaking","[{'from': 'human', 'value': '<image>\nDoes the following image have a deceptive pattern?'}, {'from': 'gpt', 'value': 'Sports Direct sneaks an item into the customers cart when they go to checkout.\xa0To remove it, the user must click “back to bag”, where the sneaked-in item will appear – even though it didn’t before.'}]",/content/downloaded_dark_pattern_images/102.jpg
103,103,"Trick Questions,Interface Interference","[{'from': 'human', 'value': '<image>\nDoes the following image have a deceptive pattern?'}, {'from': 'gpt', 'value': 'The first set of tic boxes corresponds to means through which the user does not\xa0want to receive information , while the second set of tic boxes corresponds to means through which the user does wish to receive information. A user could easily be tricked into signing up for a service they don’t want.'}]",/content/downloaded_dark_pattern_images/103.jpg
104,104,"Aesthetic Manipulation,Hidden Information,Interface Interference","[{'from': 'human', 'value': '<image>\nDoes the following image have a deceptive pattern?'}, {'from': 'gpt', 'value': 'The site makes it appear that the answer to the question is behind a paywall, but it is really at the bottom of the page, which is accessible without paying. The website is trying to trick users into paying for a subscription.'}]",/content/downloaded_dark_pattern_images/104.jpg
105,105,"Interface Interference,Preselection","[{'from': 'human', 'value': '<image>\nDoes the following image have a deceptive pattern?'}, {'from': 'gpt', 'value': 'When a user finishes the episode they are currently watching, Netflix automatically proceeds to the next episode after a countdown.'}]",/content/downloaded_dark_pattern_images/105.jpg
106,106,"Sneak into Basket,Fine Print,Hidden Information,Interface Interference,Preselection,Sneaking","[{'from': 'human', 'value': '<image>\nDoes the following image have a deceptive pattern?'}, {'from': 'gpt', 'value': 'User must select “More info” to be able to opt out of sharing information and email spam.'}]",/content/downloaded_dark_pattern_images/106.jpg
107,107,"Aesthetic Manipulation, Trick Questions,False Hierarchy,Interface Interference","[{'from': 'human', 'value': '<image>\nDoes the following image have a deceptive pattern?'}, {'from': 'gpt', 'value': 'The site designs the check boxes to appear as radio buttons so the user is more inclined to select only one.'}]",/content/downloaded_dark_pattern_images/107.jpg
108,108,"Aesthetic Manipulation,Hidden Information,Interface Interference,Toying with Emotion","[{'from': 'human', 'value': '<image>\nDoes the following image have a deceptive pattern?'}, {'from': 'gpt', 'value': 'The site uses a fake countdown timer that only loops when it reaches zero to pressure the user into buying.'}]",/content/downloaded_dark_pattern_images/108.jpg
109,109,"Aesthetic Manipulation, Trick Questions,Interface Interference","[{'from': 'human', 'value': '<image>\nDoes the following image have a deceptive pattern?'}, {'from': 'gpt', 'value': 'Voting ballot from 10 April 1938. The ballot text reads “Do you agree with the reunification of Austria with the German Reich that was enacted on 13 March 1938, and do you vote for the party of our leader Adolf Hitler?” The large circle is labelled “Yes”, the smaller “No”.\nThe circle size discrepancy is notable enough as a dark pattern, but also the joining of two very separate questions into one answer is a dark pattern.'}]",/content/downloaded_dark_pattern_images/109.jpg
110,110,"Misdirection,Aesthetic Manipulation","[{'from': 'human', 'value': '<image>\nDoes the following image have a deceptive pattern?'}, {'from': 'gpt', 'value': 'On their signup page, Doostang defaults to the basic Premium plan in an attempt to get users to accidentally sign up for their premium service. A more ethical design would simply default to no selection so the user can decide what they want to select for themselves.'}]",/content/downloaded_dark_pattern_images/110.jpg
111,111,"Forced Action,Gamification","[{'from': 'human', 'value': '<image>\nDoes the following image have a deceptive pattern?'}, {'from': 'gpt', 'value': 'The game occasionally gives players levels that are impossible to complete in order to urge them to buy powerups or extra lives. If the player doesn’t purchase anything from the game, it will slowly decrease the difficulty in order to retain playability.'}]",/content/downloaded_dark_pattern_images/111.jpg
